scene_id,im_id,obj_id,score,R,t,time
2,3,1,1,0.9999999999921809 -2.086121708738675e-06 -3.3594797523295306e-06 2.0861158245566447e-06 0.9999999999962899 -1.7515325716754848e-06 3.359483406628616e-06 1.751525563448153e-06 0.9999999999928229,-0.003765570886343994 0.0024822252739085116 -0.006128654363010355,5
2,79,1,1,0.9999993092111685 0.0008911356986444074 -0.0007664557078907452 -0.0008910546873462377 0.999999597389407 0.00010603097767780678 0.0007665498872969079 -0.00010534795048244838 0.9999997006514949,0.6939310400532115 -0.09714170298923364 0.05720874084033767,5
2,89,1,1,0.9999992192918512 -5.300115607037581e-06 0.0012495549596691358 5.583910368228695e-06 0.9999999741941862 -0.0002271132905734899 -0.001249553723696617 0.00022712009066717942 0.9999991935156534,-1.1611449206651372 0.19661098230781704 -0.17203502539314286,5
2,96,1,1,0.9999999833841311 0.00017546854318528649 4.942192008000612e-05 -0.00017546479754138034 0.9999999817345002 -7.57832664317476e-05 -4.9435216756640865e-05 7.577459336536446e-05 0.9999999959071848,-0.05083480695390108 0.12675102896042745 -0.03570833792764461,5
2,97,1,1,0.9999999223654216 0.00032516840280730555 0.00022256383237382465 -0.0003251765000738642 0.9999999464695841 3.634655257727802e-05 -0.00022255200170943207 -3.6418922283483826e-05 0.9999999745721339,-0.21893101096503642 0.06131594349567138 0.04391861844555933,5
2,102,1,1,0.9999999313030534 0.00037065958625209783 2.31507785880547e-06 -0.00037065971605032555 0.9999999297197143 5.631998555646889e-05 -2.2942021535021784e-06 -5.6320839793608246e-05 0.9999999984113496,-0.0023723185354356247 -0.039367167219509724 0.014827457189312554,5
2,107,1,1,0.9999999870017197 0.0001263792262359842 0.00010012418284262303 -0.00012632637393109047 0.9999998527881631 -0.00052769811480885 -0.00010019085818291362 0.0005276854596248381 0.9999998557549139,-0.08899683447787221 0.5261870075657384 -0.060126256601051864,5
2,110,1,1,0.9999996388314676 -0.0008322684615450354 0.00017223862345742968 0.000832189152548124 0.999999547921052 0.00046002055040678114 -0.0001726214061877826 -0.00045987704914762784 0.9999998793574683,-0.15331602130014232 -0.5307524557711361 0.048843166525216475,5
2,115,1,1,0.99999979569227 -0.0006335834244431959 8.477890510871777e-05 0.0006336147700702899 0.9999997307350059 -0.0003702191775614705 -8.454431754645331e-05 0.00037027281908952325 0.9999999278751471,-0.13554290259233426 0.4563453503847512 -0.09193514295100158,5
2,119,1,1,0.9999999975779736 -4.901953998248665e-05 -4.940787814644576e-05 4.902151820693201e-05 0.9999999979969163 4.003822772002952e-05 4.940591539143169e-05 -4.0040649672196116e-05 0.9999999979779015,0.018259501601903594 -0.07523730975827903 0.05181286687707143,5
2,124,1,1,0.9999999583685412 -0.0002494274032300292 0.0001450823447875227 0.0002493394470360899 0.9999997853256037 0.0006059526266459225 -0.00014523345483277716 -0.0006059164266681294 0.9999998058862449,-0.09693329061275335 -0.5948131254448015 0.10869190864377742,5
2,126,1,1,0.9999999386550515 -0.00034704980440791733 -4.739542220677517e-05 0.00034703801823410263 0.9999999089161923 -0.0002484596971212283 4.748164577889069e-05 0.0002484432338659692 0.9999999680107259,0.0956466253622068 0.18229452344347408 -0.01319221666562953,5
2,136,1,1,0.999999464561115 -0.0008324002664463204 0.0006148067024356885 0.0008311946157709138 0.9999977363355897 0.0019586830288646773 -0.0006164357189945846 -0.0019581709560890226 0.999997892784536,-0.4849897731827042 -1.6311389935874558 0.06077376501445997,5
2,153,1,1,0.9999990702587909 -0.001078405432516305 0.0008345797010345657 0.0010780241591661355 0.9999993144341657 0.00045715983155614204 -0.000835072132521264 -0.0004562597094353027 0.9999995472407033,-0.8880332573455547 -0.5069393993065869 0.03678573094873627,5
2,156,1,1,0.999999944319802 -0.000326808353321717 6.750327929479216e-05 0.00032679433661242374 0.9999999250638874 0.00020755163482187589 -6.757110384422726e-05 -0.0002075295635759894 0.9999999761828123,-0.08243759980396703 -0.0814810581640728 -0.05280791814425356,5
2,162,1,1,0.9999999888225557 6.736469933824735e-05 -0.00013347991084530775 -6.737583255428392e-05 0.9999999942520776 -8.340468705975157e-05 0.0001334742915464343 8.341367944730838e-05 0.9999999876133858,0.08910035155355445 0.09070277054331655 -0.055019252998135926,5
2,166,1,1,0.9999996376658438 -0.0006038853789694376 0.0005999921906961192 0.0006038775522714812 0.9999998175784734 1.3225741800404478e-05 -0.0006000000680768669 -1.2863415192659877e-05 0.999999819917209,-0.44293802438440366 -0.07600409867994529 0.04764172888610574,5
2,175,1,1,0.9999996726997826 0.0006587808680778573 -0.0004696893602715857 -0.0006587868959734289 0.9999997829195081 -1.2679194466291843e-05 0.00046968090550036923 1.2988615512132817e-05 0.9999998896155654,0.22679768077492213 0.0827992481538331 -0.06767206380959578,5
2,176,1,1,0.9999998863428391 -4.474914364500926e-05 0.00047467022608777 4.449385494402491e-05 0.9999998543848468 0.0005378202134776466 -0.0004746942239623464 -0.0005377990324422488 0.9999997427187644,-0.4157202990277682 -0.4845386093411719 0.10680701998512632,5
2,178,1,1,0.9999999558004008 0.00029503726429319643 3.677239386894009e-05 -0.0002950285130266517 0.9999999282133862 -0.00023776332645949333 -3.6842540270556196e-05 0.0002377524670457501 0.9999999710581952,-0.04887431793484609 0.2401477481320171 -0.0008058306652856118,5
2,203,1,1,0.9999999851606451 0.00011809893627390267 -0.00012542467950785174 -0.00011812893181201156 0.9999999644213154 -0.000239171326277543 0.00012539642916625793 0.0002391861390111938 0.9999999635328625,0.09856487683403259 0.18247172207313156 -0.053195718754068366,5
2,207,1,1,0.9999983064924765 -0.0014293819961155863 0.001159258076430969 0.0014296061477457322 0.9999989595744061 -0.00019255224669584292 -0.0011589816395942143 0.00019420920308002576 0.9999993095219339,-1.0006278463173643 0.16518697471512667 -0.017178830605871553,5
2,217,1,1,0.9999997752820727 -0.00033749634966082423 -0.000579251255558702 0.0003373097957550496 0.99999989122785 -0.00032212790797905844 0.0005793599095453711 0.00032193244846848157 0.9999997803507727,0.44402135926981856 0.2625651613157629 -0.02493348556311048,5
2,219,1,1,0.9999999705940508 7.121614416538691e-05 -0.0002318192356902532 -7.130202144339792e-05 0.9999999288369117 -0.000370462134287243 0.0002317928363085725 0.00037047865257357204 0.9999999045088199,0.1552350228919579 0.24011412075242333 0.029663462154076115,5
2,221,1,1,0.9999999421575367 -8.991788893292219e-05 -0.00032802392857128604 8.984505122067166e-05 0.9999999713090612 -0.0002220579748701268 0.0003280438861441026 0.00022202849069863362 0.9999999215452766,0.2965900361363083 0.20287670216552556 -0.011804514905747965,5
2,224,1,1,0.9999997989360119 -0.00046858610948419255 0.0004272645483842097 0.0004682540133087165 0.9999995884809758 0.0007770302815138241 -0.0004276284781534606 -0.0007768300569412911 0.9999996068343965,-0.2988641980297899 -0.6246419816517985 0.0407925717162243,5
2,243,1,1,0.9999999734350689 -5.108073569626281e-06 -0.00023044254954851517 5.103264857586609e-06 0.9999999997692443 -2.086787540156454e-05 0.00023044265608967995 2.086669883771819e-05 0.9999999732303808,0.20530742804137958 0.02828337434112882 -0.06314098884251962,5
2,248,1,1,0.9999998119186255 0.00015917464370945877 0.0005923057877544324 -0.00015993695919158668 0.9999991587606489 0.0012872055635611002 -0.0005921003989964313 -0.0012873000530485013 0.9999989961373419,-0.5299594615682963 -1.0458712179781742 0.22063029801290668,5
2,249,1,1,0.999999376052257 0.0004953004846266484 -0.0010012854370512747 -0.0004958027053861835 0.9999997513938241 -0.0005013900342753924 0.0010010368493983124 0.000501886161462739 0.9999993730175567,0.8852125993932702 0.4912137129382046 -0.16822155042757458,5
2,254,1,1,0.9999998566497913 -0.00020230021353751654 0.0004957570188616756 0.0002019558249371986 0.9999997383557822 0.0006946237921977086 -0.000495897411690982 -0.0006945235716057305 0.9999996358613168,-0.39167065956215197 -0.6376695450134946 -0.024379191903790343,5
2,263,1,1,0.999998045676919 0.0015550776661124015 -0.001220809483637092 -0.0015562915029854515 0.9999982949897239 -0.0009939690150995717 0.001219261703128251 0.0009958670079888154 0.9999987608241334,1.0063122338517871 1.034463970331899 -0.2259879766299946,5
2,266,1,1,0.9999995891895492 0.0009051768726044962 -4.77028513712896e-05 -0.0009052060435473797 0.9999994011380802 -0.0006150817016353505 4.714606507266739e-05 0.0006151246298629898 0.9999998096994513,-0.04075868420949291 0.5751773546774501 -0.014643893735069469,5
2,268,1,1,0.9999998480927783 -0.00021596882136243334 0.0005071211779646978 0.00021582689083771145 0.9999999375337263 0.0002799130181424109 -0.0005071815987712225 -0.00027980352523446217 0.9999998322383931,-0.3534280236614791 -0.22367340027189186 0.03204603613244217,5
2,277,1,1,0.9999997139133194 -9.10748484667101e-05 -0.00075091853865622 9.156384272801521e-05 0.9999997837863026 0.0006511861573698374 0.000750859069616916 -0.0006512547280612402 0.9999995060388468,0.46487862768831434 -0.4811668280282788 0.10144947163132656,5
2,283,1,1,0.9999998211659844 -0.00010980557948078729 0.0005878866678684092 0.00010990610116604072 0.9999999793468979 -0.00017095862828899605 -0.000587867883515468 0.0001710232100473972 0.9999998125811891,-0.4120583570589247 0.10550325853292364 0.015290141233890608,5
2,307,1,1,0.9999999643500819 0.00026395683583119167 4.033142459397565e-05 -0.00026393826676615606 0.9999998594944977 -0.0004597255451975202 -4.0452766627119274e-05 0.00045971488380180947 0.9999998935128942,-0.05269899476442674 0.353667466791606 -0.03638232798516583,5
2,310,1,1,0.9999998795304315 -0.0002463038681822516 0.00042458630116809504 0.00024613977088344674 0.9999998950178515 0.0003864964399181853 -0.00042468145216184583 -0.00038639188578191985 0.9999998351734734,-0.3296355412265086 -0.2954415518994131 0.020425059038643667,5
2,322,1,1,0.9999999851977704 -9.180729397753606e-05 -0.00014551934367482144 9.186491478302417e-05 0.9999999173686818 0.0003960094283046445 0.00014548297509653363 -0.0003960227905643321 0.9999999110003227,0.10540093934670836 -0.33124046953120967 0.07113442433058026,5
2,326,1,1,0.9999998598934531 0.0005106240749911811 -0.00013955689603146332 -0.0005107157467907075 0.9999996533439051 -0.000657633253215828 0.00013922104428126109 0.0006577044349814765 0.9999997740211628,0.176497654817382 0.4384241158120403 0.06056870796987823,5
2,338,1,1,0.999999795180881 5.028732799366997e-06 0.000640010083065301 -5.152608697406302e-06 0.9999999812556254 0.00019355153906754075 -0.0006400090977496387 -0.00019355479714566748 0.9999997764624223,-0.38846418540359196 -0.10344098236003774 -0.09392658948343069,5
2,342,1,1,0.9999994575930153 -0.000944954198950243 -0.00043803565836835097 0.0009451905858687826 0.9999994076369351 0.0005397597020513761 0.00043752535069538356 -0.0005401734364624752 0.9999997583920842,0.20453991225849677 -0.18143086204733194 0.0396851641281728,5
2,365,1,1,0.9999999407212414 0.0003348370623620367 -8.025993001140042e-05 -0.00033484312660364557 0.9999999410856845 -7.555599854845718e-05 8.023462633449663e-05 7.558286855550989e-05 0.9999999939248173,0.05062327221180851 0.06690508713979426 0.0025355306901246877,5
2,368,1,1,0.9999999399282202 9.553084643987297e-05 -0.0003331927581257804 -9.563969362941238e-05 0.9999999420670351 -0.0003266787037978919 0.0003331615309295488 0.0003267105506273016 0.9999998911317995,0.2642537542689638 0.23502352961438078 0.023216478837298382,5
2,387,1,1,0.9999992482562372 0.001068237023575891 -0.0006019606484606865 -0.0010681993145486013 0.9999994274928607 6.296169982639155e-05 0.0006020275618527915 -6.231863854283537e-05 0.9999998168395848,0.4178421572747766 -0.3621128609878994 0.18886970238247613,5
2,402,1,1,0.9999996829295774 -0.00014784238288506613 -0.000782485382356285 0.00014795308157106168 0.9999999790558955 0.00014141461751943085 0.0007824644588937668 -0.00014153034380437468 0.999999683859216,0.819237872350925 -0.089842694717575 -0.20173620580112583,5
2,415,1,1,0.9999998039201005 -0.00013221308985200686 0.0006121106602348658 0.00013224036484948964 0.9999999902652866 -4.451867508006857e-05 -0.0006121047683245034 4.459961208772012e-05 0.9999998116692955,-0.5746254825061214 -0.04264045272823225 0.2165732431012657,5
2,417,1,1,0.9999999222879683 0.0001408487401648173 0.0003682196231857282 -0.00014081723013577296 0.9999999864217 -8.559853298162334e-05 -0.000368231674631625 8.554667466248445e-05 0.9999999285435981,-0.36298161802221784 0.12867353886815636 0.1295281625057214,5
2,425,1,1,0.9999987407542293 -0.001433846449446885 0.0006801281612863752 0.001434274213969855 0.999998773685024 -0.0006288767186138355 -0.0006792256145850967 0.0006298514169874592 0.9999995709697865,-1.15224534261813 0.2549232005254112 0.5014262455442804,5
2,428,1,1,0.9999999616569268 -3.124522744507585e-05 0.00027515428479846227 3.1333979498865405e-05 0.9999999474881052 -0.0003225553731542874 -0.0002751441920331166 0.00032256398246494067 0.9999999101240715,-0.25946013305508586 0.29794198501753755 0.06553689839972776,5
2,434,1,1,0.9999973776524197 0.002026351834659601 -0.0010670457007145306 -0.0020249694415332975 0.9999971112018871 0.0012950238006183556 0.0010696667920895853 -0.001292859669678792 0.9999985921624237,1.0660531717983304 -0.5999567087950268 -0.3451228441040257,5
2,435,1,1,0.999999432055353 -0.0010545691140373958 -0.00015418480741885565 0.0010547267954061357 0.9999989172335836 0.0010261983471205605 0.00015310244339111767 -0.0010263603871442928 0.9999994615718542,-0.021532325038151612 -1.2216188635675032 -0.17953409098697648,5
2,442,1,1,0.9999995990847788 0.0008715033774137071 -0.00020569916456919524 -0.0008715360541117212 0.9999996076003863 -0.0001588205937028686 0.0002055606711690583 0.00015899980426764548 0.9999999662319364,0.11209477539813406 0.30961852698081316 -0.04045909722083252,5
2,446,1,1,0.9999997768221941 0.000625334158640467 -0.00023518663269420093 -0.0006253894362922563 0.9999997768227277 -0.00023503733381316505 0.00023503960333272345 0.0002351843645927755 0.9999999447223484,0.23356541825813792 0.30198889033456666 0.008378747393180674,5
2,453,1,1,0.9999996899191923 0.0007472375286341759 0.0002485912204489016 -0.0007473054774487647 0.999999683405725 0.0002733550313216218 -0.00024838688060790926 -0.0002735407201397075 0.9999999317397139,-0.41398809100776646 -0.37217867486670286 -0.022103846342361066,5
2,473,1,1,0.9999989839402064 0.0007143546367744946 -0.0012336190694551274 -0.0007154008368044362 0.9999993846835424 -0.0008478408934095918 0.0012330126513157014 0.0008487225640672752 0.9999988796742785,1.4108490850976558 0.8826222999343329 0.11001062301193087,5
2,474,1,1,0.9999999975109817 7.04235010224874e-05 -4.309062125520957e-06 -7.042313918392828e-05 0.9999999939995021 8.391410561425783e-05 4.314971624799768e-06 -8.39138019480476e-05 0.9999999964699278,0.033124919762400395 -0.045744197787518814 0.00628678549446704,5
2,476,1,1,0.9999998360477201 -0.0005171221181231866 0.0002459456193934506 0.000517078481789647 0.9999998505700931 0.00017745319485534816 -0.00024603734761419194 -0.00017732599257324483 0.9999999540105575,-0.3187831364531917 -0.31278718558019136 0.03734678626506138,5
2,477,1,1,0.9999969440305808 0.0010882376754960208 -0.002219835188076058 -0.0010888308596250472 0.9999993718377981 -0.0002660288873239233 0.0022195442910017404 0.00026844509940334056 0.999997500777062,2.6487400936629797 0.396971384305175 -0.33930371478709276,5
2,480,1,1,0.9999974695836438 -0.0017205943743317242 -0.0014492692324762143 0.0017214818337721594 0.9999983313896856 0.0006113249051691976 0.0014482149720178928 -0.0006138182489186247 0.9999987629495112,1.1439898454457875 -0.9704645923486055 -0.3924711998008661,5
2,491,1,1,0.9999996340078392 -0.0006188256161318573 0.0005907952647237931 0.0006187901725313028 0.9999998067388916 6.0173938463931737e-05 -0.0005908323877206363 -5.980833813663822e-05 0.9999998236700111,-0.7110098937702745 -0.08754932288867678 0.10412213535528281,5
2,501,1,1,0.9999998230722619 0.00021405340166507497 -0.0005550104367606848 -0.00021380589181057815 0.999999877696081 0.0004459763038489606 0.0005551058316256782 -0.00044585756044203395 0.9999997465342441,0.4313102850904329 -0.35268731194472025 -0.18821693964059705,5
2,521,1,1,0.9999991679410148 -0.0012065974239331423 0.00045633313834242406 0.0012063702945634969 0.9999991484946572 0.0004976752675223267 -0.00045693324346773867 -0.000497124346684974 0.9999997720396713,-0.5965426012711816 -0.6860800535425398 -0.030097770534894153,5
2,527,1,1,0.9999999235520073 -0.00038720992205039384 5.444681764850759e-05 0.0003872472586907705 0.9999996887500926 -0.0006874149245110206 -5.4180626822334516e-05 0.0006874359563392995 0.9999997622481043,-0.0681262438976944 0.627679687503127 0.09939241207314353,5
2,529,1,1,0.9999999947474074 -5.395984598956238e-05 -8.71408098094828e-05 5.3952639989515716e-05 0.9999999951254089 -8.269398094989944e-05 8.714527153905194e-05 8.268927903909429e-05 0.9999999927840924,0.09501949241320062 0.06293285201598664 0.016522841134019473,5
2,532,1,1,0.9999998974226376 0.0003316637768748798 -0.000308470181860635 -0.00033175998787404737 0.9999998963273475 -0.00031189838820152443 0.00030836670448336403 0.00031200069427158965 0.9999999037827664,0.40549239100883483 0.35872721980447864 0.013923673839826733,5
2,535,1,1,0.9999994203448395 0.0009428707039871864 -0.0005199084737354531 -0.0009430939674414107 0.9999994631157857 -0.0004293505662803787 0.0005195033725339249 0.0004298406399500243 0.9999997726766094,0.6047369357301307 0.5704720918713804 -0.05445759958263352,5
2,540,1,1,0.9999998973760639 -0.0003620167772682148 0.0002723815611463676 0.00036198598641468127 0.9999999280890861 0.0001130838988243621 -0.0002724224798278385 -0.00011298528891101611 0.999999956510158,-0.2623760032820712 -0.20466141809045624 0.03901192991145308,5
2,549,1,1,0.9999997378541183 -0.0007211357408581365 6.522989081321484e-05 0.0007211407226583172 0.9999997370609119 -7.638171250140546e-05 -6.517479207887242e-05 7.642873240892856e-05 0.9999999949554481,-0.05576714471345667 -0.16955608279868928 0.015831787364959382,5
2,560,1,1,0.9999999466483648 -2.563792542892296e-05 -0.0003256469920741578 2.5618504871399717e-05 0.9999999978933295 -5.9640871713950716e-05 0.0003256485204563425 5.963252594287649e-05 0.9999999451985003,0.28084228685071366 0.005609924696258872 -0.0772834776801119,5
2,563,1,1,0.9999997658712196 0.000500692410220327 -0.00046643822442313243 -0.000500893454141671 0.9999997816713435 -0.0004310023351128539 0.0004662223229881246 0.0004312358700564248 0.9999997983361644,0.4046445668185896 0.38435111028280744 0.05921229849093379,5
2,571,1,1,0.9999997433047604 -0.0006394140602835885 0.00032332657418127075 0.0006391289931159949 0.9999994076715557 0.0008810054871248307 -0.00032388970996137523 -0.000880798613587308 0.9999995596445322,-0.28250895941900467 -0.9137905915772677 0.13455708103754205,5
2,575,1,1,0.9999999449489716 -0.0002954023349920343 0.0001511274731051393 0.00029538282530017224 0.9999999480410454 0.00012910031488194695 -0.00015116560178735083 -0.00012905566731519214 0.9999999802467971,-0.20176265792434833 -0.1609800171681144 0.02323234207005953,5
2,589,1,1,0.9999999935261934 0.00011366345116892163 5.313367065024055e-06 -0.0001136631936489163 0.9999999923670391 -4.844170909668044e-05 -5.318873076171071e-06 4.844110484875097e-05 0.999999998812584,0.01959674572040626 0.055459418566079055 0.011548867391525164,5
2,603,1,1,0.9999994301428851 -0.00029615386500703514 -0.001025673824681328 0.0002963322976896922 0.9999999409871124 0.00017381870159875398 0.0010256222870727028 -0.00017412254282808334 0.9999994588899864,0.8450088879056494 -0.22072725027843454 0.005253470738352917,5
2,607,1,1,0.9999999649492066 -0.00023716795943753977 -0.00011769853637783045 0.00023714593645654536 0.9999999543791643 -0.00018709215641568577 0.00011774290327354331 0.0001870642381281984 0.9999999755717899,0.10289321996695833 0.15112758337781607 0.016768454982297953,5
2,615,1,1,0.9999999746927193 -0.00013129153961949358 -0.00018269398289294525 0.00013130645740705438 0.9999999880463611 8.164491144796449e-05 0.0001826832614237328 -8.166889828142843e-05 0.9999999799785076,0.13111407409391518 -0.06309992632597528 -0.020319327319043623,5
2,625,1,1,0.9999995646536121 9.697472385689077e-05 -0.0009280562969102846 -9.668437962193077e-05 0.9999999463754523 0.0003128917144905527 0.0009280865897307033 -0.00031280184972685976 0.9999995204050278,0.8092739917491407 -0.3173452983923255 0.020127592404378447,5
2,642,1,1,0.9999995774837097 -0.0005168021219781327 0.0007602288921566003 0.0005165462800449383 0.9999998099096633 0.00033669062764879465 -0.0007604027500752175 -0.0003362977919856569 0.9999996543456664,-0.7576965388159067 -0.3441350710841107 0.013032251361892122,5
2,648,1,1,0.9999999308462926 -0.0002693192595113192 0.0002564654858173976 0.00026945434587841155 0.9999998249198265 -0.0005268345767303617 -0.00025632355421705 0.0005269036460378573 0.9999998283353769,-0.30193216819444046 0.3975581445829306 0.10889251100968522,5
2,649,1,1,0.9999997406077291 -0.0005592330920948705 0.0004539194031240035 0.0005591312064635967 0.9999998184740141 0.00022455341075651556 -0.00045404489842398865 -0.0002242995520055722 0.9999998717664624,-0.4032396540576144 -0.2480250103670727 0.009855123085230844,5
2,652,1,1,0.9999996850721995 0.0006544712015045251 -0.0004489130744040823 -0.0006547660713318582 0.9999995698025137 -0.0006570206842057003 0.0004484828801660859 0.0006573144103418221 0.999999683400386,0.38250012074789197 0.5295014833401908 -0.012809776515155136,5
2,667,1,1,0.9999991915333015 -0.0011064776846928526 0.0006266098278480126 0.001105696252134275 0.9999986123887997 0.001246056288004227 -0.0006279876918338922 -0.0012453624404714092 0.999999027351452,-0.49853889358936954 -0.9597154685392724 0.07788963680275174,5
2,669,1,1,0.9999997533468101 -0.0006525678775548549 0.0002597334888661401 0.0006524795680401541 0.9999997293555232 0.000339940134518827 -0.00025995525258325214 -0.0003397705798764347 0.9999999084896061,-0.18958730429082493 -0.26652528110406415 -0.0045705276291982955,5
2,679,1,1,0.9976159253364503 0.06719874671449316 -0.01570967711632456 -0.06685785907388153 0.9975350937972872 0.021301721125167143 0.017102403198230923 -0.02020062085280308 0.9996496599919423,16.793595062485796 -14.118611959514723 -1.6989810550854827,5
2,691,1,1,0.9999997430560605 -0.0007167266037081399 -1.3812605597962602e-05 0.0007167294671507896 0.9999997214281378 0.00020842868869830333 1.3663215363807213e-05 -0.00020843853504526333 0.9999999781833468,-0.11416655173147205 -0.20620224946245003 -0.10130673138007751,5
2,695,1,1,0.9999999839717384 0.00016147354525721663 7.73486790047748e-05 -0.00016144081067172994 0.9999998974922806 -0.0004230275320859789 -7.741697883085e-05 0.00042301503807201657 0.999999907532441,-0.02394064207754809 0.31907363603407646 0.07728901718337511,5
2,703,1,1,0.9999999706616752 -0.00013487461387332728 -0.0002012100564196366 0.0001349662220227546 0.9999998872238586 0.00045534205725739074 0.00020114861964347017 -0.0004553692004602983 0.999999876089054,0.2249526592900679 -0.4586367805655982 0.002011760750974645,5
2,708,1,1,0.9999999570366593 -3.5790874757697655e-05 0.00029093932935581046 3.5775080623628476e-05 0.999999997886277 5.4291717005529316e-05 -0.0002909412718894444 -5.4281306295694744e-05 0.9999999562033577,-0.2860792124071736 -0.06287358578219937 0.06581960866776626,5
2,711,1,1,0.9999999886382295 -5.791298228870895e-05 0.00013917481066849646 5.791543485374889e-05 0.9999999981677005 -1.7618224280868677e-05 -0.00013917379008948627 1.7626284450150687e-05 0.9999999901599852,-0.09891106696780128 0.003943945900573453 -0.0027830073959194124,5
2,727,1,1,0.9999999571413996 1.8321705371387997e-05 0.0002922011529766788 -1.8393618451087446e-05 0.9999999695464247 0.0002461073423238036 -0.00029219663497165316 -0.00024611270641228256 0.9999999270248284,-0.30455534942791473 -0.23590839478978864 0.13936285783358926,5
2,736,1,1,0.9999999990123082 -2.419752688576516e-05 3.728087676570235e-05 2.4172558584087227e-05 0.9999997755325821 0.0006695897796729633 -3.729707081401301e-05 -0.0006695888778374404 0.9999997751298064,-0.022161479457444955 -0.5951123847804922 0.14864275320303477,5
2,737,1,1,0.9999991172398948 0.00010918220362975996 -0.0013242351296879201 -0.00011007872138106729 0.9999997648079567 -0.0006769539917917122 0.0013241609069097743 0.0006770991643136604 0.9999988940666955,1.2496237411962272 0.6376111868327996 -0.13705972296190794,5
2,739,1,1,0.999999994691154 5.025296751917652e-05 -8.995738688247212e-05 -5.029203897338741e-05 0.9999999043909001 -0.0004343833581693657 8.993554922856473e-05 0.000434387880003273 0.9999999016093786,0.08528561476471097 0.4120401133753546 -0.027544210385372025,5
2,740,1,1,0.9999992639627133 0.00011179128165117458 -0.0012081294391733666 -0.00011302232669435641 0.9999994744857255 -0.0010189476078894116 0.0012080148948251102 0.0010190834035063573 0.9999987510837358,1.1012489934406844 0.9485515715430495 -0.14236096130593978,5
2,750,1,1,0.999999890805869 -9.890753375496608e-05 -0.0004567335657851834 9.874496121092813e-05 0.999999931772747 -0.0003559549609772339 0.0004567687412510568 0.0003559098219707013 0.999999832345244,0.36019001104645554 0.28839133987751353 -0.09017580382669621,5
2,754,1,1,0.9999996983014129 0.0005402091717406909 -0.0005581855731166818 -0.0005403040433434314 0.9999998396150755 -0.00016982745581131664 0.0005580937412426878 0.0001701289944970874 0.9999998297937361,0.5852840780292183 0.2921555609898334 -0.12239840577160521,5
2,756,1,1,0.9999999033837088 0.0001690967980795266 0.000405757126654388 -0.00016917533088856018 0.9999999669648912 0.00019351982913322352 -0.00040572438966665625 -0.00019358845453185114 0.9999998989556098,-0.3816083638579073 -0.15403989221499614 0.06469141149864299,5
2,757,1,1,0.9999999309271117 -0.00030876931050655143 0.00020689921586669602 0.0003087770650946897 0.9999999516271423 -3.7449132371192295e-05 -0.00020688764271525883 3.75130155168546e-05 0.9999999778951384,-0.24616078620624648 -0.027274369546084642 0.06280381538886104,5
2,758,1,1,0.9999997741007876 -0.0002236659576129174 0.0006338548037293779 0.00022330400215697654 0.9999998120176286 0.0005710516865295584 -0.0006339824093981872 -0.0005709100152150037 0.9999996360639629,-0.6632971762381317 -0.6083773706761804 0.06599370844742225,5
2,761,1,1,0.9999999364477534 0.00034825903765406396 7.628978965113983e-05 -0.0003482540149479241 0.9999999371920771 -6.584059848307837e-05 -7.631271444309001e-05 6.581402607338561e-05 0.9999999949224414,-0.11463289419319267 0.10055149585721779 0.01808694127180388,5
2,762,1,1,0.9999996448848532 -0.0004194446553996145 0.0007309557783454212 0.0004192771567145259 0.9999998858167405 0.00022928840385200155 -0.0007310518686782785 -0.00022898184936771815 0.9999997065651961,-0.7718346581405626 -0.08947824333712617 -0.3164236588178255,5
2,764,1,1,0.9999991956534051 -0.00023750678229411681 0.0012459065261109514 0.00023671232009706 0.999999768610458 0.0006377666563761458 -0.0012460577117270888 -0.0006374712219662515 0.9999990204848301,-0.9495291113440771 -0.44601871597001264 -0.14629142633680203,5
2,768,1,1,0.9999998209597754 -0.0004096898911344071 0.00043615892814830026 0.00040963110000741265 0.9999999070057193 0.00013487370049641845 -0.0004362141439797351 -0.00013469501208712709 0.9999998957872318,-0.27851119916172706 -0.04757285449997539 -0.049877206122232565,5
2,769,1,1,0.9999985203436255 0.0010615941101019266 -0.0013536352922209338 -0.0010617192861088198 0.9999994321660863 -9.175871598672558e-05 0.0013535371130684037 9.319576091168513e-05 0.9999990796254933,1.100785224610604 -0.244036058613176 0.3853103668782296,5
2,770,1,1,0.9999995709562332 0.0007569533356766023 -0.0005339559889947498 -0.0007569453897247613 0.9999997134030462 1.5083217764444434e-05 0.000533967253256995 -1.4679035768877524e-05 0.999999857331739,0.1970786950584511 -0.16981092367171868 0.11811789542764473,5
2,773,1,1,0.9999999641894217 0.0002670845524276877 1.6941033214035173e-05 -0.0002670828788497448 0.9999999594611539 -9.871386677209881e-05 -1.696739747616971e-05 9.870933857705766e-05 0.9999999949842868,-0.059987795314384584 -0.010873793658888076 -0.02987690308805213,5
2,775,1,1,0.9999999772635687 -0.0002035049170105857 6.37072276908901e-05 0.00020348759858203336 0.9999999423771025 0.00027173256968064663 -6.37625229337746e-05 -0.0002717195998717947 0.999999961051399,-0.013016692894780135 -0.20543386941321273 0.03562741125301727,5
2,785,1,1,0.9999997710223876 -0.0004022929697597051 0.0005441649930372494 0.0004022724214901366 0.9999999183713765 3.787002588501176e-05 -0.0005441801834632359 -3.765111464443249e-05 0.9999998512251501,-0.3288338757625304 -0.02298063199708622 0.011387841435293922,5
2,788,1,1,0.999995096411875 -0.0020157049593397813 -0.0023966822322647463 0.00201417854965083 0.9999977672978058 -0.0006391276663424914 0.002397965173993627 0.0006342971863811803 0.9999969237103202,2.524665369109101 1.0526102063973894 0.2909217188140474,5
2,791,1,1,0.999999989535171 -0.00014466861579559565 8.068950874892677e-07 0.00014466859709677538 0.9999999892680909 2.3126100071685363e-05 -8.102406994156541e-07 -2.312598309731073e-05 0.9999999997322668,0.059533792147192344 0.057033663314001615 -0.021596542912106997,5
2,794,1,1,0.9999996560102338 -0.00027415982747993825 0.0007828255247839255 0.0002736675917812143 0.9999997648384558 0.0006288315210447315 -0.0007829977410347827 -0.0006286170707569538 0.999999495877431,-0.7196494991893303 -0.538691975740683 -0.15880743695117872,5
2,808,1,1,0.9999996766096706 -0.00020799617702094153 0.0007768643021769384 0.00020778539965735088 0.9999999415866232 0.0002713889783096113 -0.0007769207046670612 -0.00027122746948535226 0.9999996614148818,-0.8121312777757765 -0.29107130687120275 -0.052439121180327675,5
2,809,1,1,0.9999999824708722 -0.0001061845359228708 -0.0001542177075296025 0.00010615129809848911 0.9999999711420461 -0.0002155175410827881 0.00015424058770907578 0.00021550116689483811 0.9999999648845437,0.17286931306722408 0.25022497271613275 0.09479054429743883,5
2,819,1,1,0.9999999880410304 -0.0001325539935204817 -7.967043344137004e-05 0.00013252251630958833 0.9999999132189243 -0.0003949682602205351 7.972278114803943e-05 0.0003949576973707736 0.9999999188263444,0.07774303893319257 0.42112184544305364 -0.08262512116596099,5
2,821,1,1,0.9999989629529241 0.0012263274535415092 -0.0007551251899385689 -0.001226864610967604 0.9999989944294092 -0.0007112969815498537 0.0007542521475907872 0.0007122226802736579 0.9999994619211311,0.5241821397058857 0.2664863829857609 0.1859625365515285,5
2,828,1,1,0.9999989292055433 0.0010534986466843588 -0.001015740305688101 -0.001054708913795277 0.9999987337028176 -0.001191713836551811 0.00101448355054512 0.0011927838708264416 0.9999987740441305,0.9731728615269049 0.7441989508826197 0.2961541162711683,5
2,837,1,1,0.9999989007092728 -0.0010260692515024483 0.0010704027920912518 0.0010256794939035307 0.9999994075211931 0.00036460778799785043 -0.0010707762707406476 -0.0003635094969938746 0.9999993606493078,-0.6045254553420136 -0.04778119947422965 -0.13796218657637382,5
2,840,1,1,0.9999998242255992 0.0002989702647599457 -0.0005120210457192909 -0.00029930593988802823 0.9999997402777175 -0.0006556374396287645 0.0005118248966369254 0.0006557905753247217 0.9999996539869384,0.40674386603274115 0.41265344248935776 0.08538261377998424,5
2,844,1,1,0.9999999858738796 -9.639463153388039e-05 0.00013769646242252354 9.626418870886666e-05 0.9999995469484986 0.0009470142575536689 -0.00013778768712915945 -0.0009470009889375186 0.9999995421017348,-0.1443228796417877 -0.8195784118275355 -0.06261954219371546,5
2,850,1,1,0.9999998010769319 0.0002536888747719339 0.0005774842439721373 -0.0002536317671493135 0.9999999629387797 -9.896144237753722e-05 -0.0005775093279862809 9.881495434238378e-05 0.9999998283592755,-0.49534627814912824 0.08264905439806114 -0.10471551426599035,5
2,856,1,1,0.999999752338335 0.0002458232379180525 -0.00065946508950529 -0.00024658012235695415 0.9999993107741747 -0.0011478891140149217 0.0006591824571659244 0.0011480514407096742 0.9999991237278044,0.6448311587627202 1.0556741028204613 0.1864564326135678,5
2,867,1,1,0.997226577287205 -0.008230271867172833 0.07396902173908819 0.011505962811428292 0.9989666712913514 -0.04396819838085307 -0.07353071719919022 0.04469734079415055 0.9962908116378992,-76.31438932118182 -54.76951913904021 56.61610235258715,5
2,871,1,1,0.9999993133568051 0.000584961796106287 -0.0010154337077170617 -0.0005844849203832936 0.9999997188040305 0.0004698608707199292 0.0010157082728398104 -0.00046926704240290995 0.9999993740623773,0.8057052375658031 -0.4952637590360709 0.26924665809076487,5
2,877,1,1,0.9999999458744528 0.0003251640115425891 -5.019418879563531e-05 -0.0003252286969648577 0.9999991097395569 -0.0012941199282785476 4.97733428827668e-05 0.001294136182824146 0.9999991613667258,0.093684475682835 1.180832314427768 0.07477790625500802,5
2,883,1,1,0.999999501464366 5.949545782144017e-05 -0.0009967604076206171 -5.947325154115335e-05 0.9999999979826414 2.2308078979014698e-05 0.000996761732839177 -2.2248787275148604e-05 0.9999995029853963,0.8769409898765446 -0.05471289267298829 0.19318146964769767,5
2,886,1,1,0.9999998666360603 0.000251307288298086 0.00045119010162419926 -0.00025139903577825473 0.999999947733753 0.0002033003098296099 -0.00045113898719248424 -0.0002034137114731993 0.9999998775482304,-0.39949072400739283 -0.2679913569985466 -0.08708533236006133,5
2,902,1,1,0.9999993831381843 4.581701726548426e-06 -0.001110721503949419 -4.5152800367057044e-06 0.9999999982016075 5.980298987156782e-05 0.001110721775951562 -5.979793776276013e-05 0.9999993813604802,0.9301920442191118 -0.07361987313370832 0.19946017564063823,5
2,903,1,1,0.9999996731284628 0.0004325530392387811 -0.0006831111451612304 -0.00043284138663307603 0.9999998172747085 -0.00042201763440502527 0.000682928475329303 0.00042231317523439005 0.9999996776300882,0.6007960999878037 0.35876072030056605 0.0724838316284604,5
2,904,1,1,0.9999998040600113 0.00041823642844496245 -0.00046578775147315676 -0.0004183974886911579 0.9999998527048646 -0.0003457365918429975 0.0004656430832274683 0.0003459314085248674 0.9999998317539757,0.42797873579660917 0.3015793234994204 0.022047427511665774,5
2,907,1,1,0.9999998996229996 0.0001682211102941797 -0.0004152777960534093 -0.00016818971663853238 0.9999999829961207 7.563052470260789e-05 0.00041529051164294895 -7.556067165642721e-05 0.9999999109121837,0.3495928255387071 -0.1383553306316898 0.1499715351873192,5
2,909,1,1,0.9999995875282515 -0.0008188974482065681 0.0003928744027349232 0.0008189502498769513 0.9999996556478066 -0.00013425630452584825 -0.00039276432530247624 0.00013457799373939316 0.9999999138124701,-0.4426804138219609 0.40156690487174274 -0.14058161119714896,5
2,918,1,1,0.999999979831937 -6.120274049062346e-05 0.00019128604020868245 6.120914775845088e-05 0.9999999975659275 -3.349006656463982e-05 -0.00019128399005935437 3.350177434452428e-05 0.9999999811440329,-0.17476799415044297 0.03853696800658213 -0.08860425067564393,5
2,972,1,1,0.9923004768166296 -0.12382169934617072 0.0028196596452333966 0.12331757649977579 0.9898644224792883 0.07043578945369791 -0.011512559911263376 -0.06954575386585589 0.9975123302914701,-1.02862348810919 -5.558158460603394 -15.690940368818815,5
2,1001,1,1,0.9999969518061415 0.0023501423902613783 0.0007571057861443797 -0.0023495527231321423 0.9999969365362593 -0.0007787940025395026 -0.0007589337435767729 0.000777012768662759 0.9999994101351918,-1.0226831427824834 0.5509388682167327 -0.10527615932778644,5
2,1012,1,1,0.9999999979636386 -6.30936706229393e-05 -9.58705838861873e-06 6.309053006058746e-05 0.9999999444695767 -0.0003272314600644144 9.6077040902115e-06 0.0003272308545456126 0.9999999464138284,0.01189984397942112 0.33213505187179493 -0.009263833558748047,5
2,1038,1,1,0.9999995389668681 0.0007237965762936227 -0.0006310186754867747 -0.0007244794648582631 0.9999991515051887 -0.0010826441744585247 0.0006302345259240338 0.0010831008353962834 0.9999992148482039,0.6479936659867747 0.7846196788181743 0.2031041544062191,5
2,1050,1,1,0.9999998720189799 -0.000386201841526157 0.00032681823713251457 0.00038620077492845795 0.9999999254189441 3.3266821326122242e-06 -0.0003268194975286909 -3.2004642504107617e-06 0.999999946589385,-0.31011555855059214 -0.008878069933391686 0.01998609642032534,5
2,1057,1,1,0.9999980920723598 0.00015198091145923742 -0.0019474992794490942 -0.000154643888648609 0.9999990532803387 -0.0013673052674800235 0.0019472896314124688 0.0013676038276221741 0.9999971688574237,1.7352096526421121 1.2098003794177714 0.3442593333476225,5
2,1061,1,1,0.9999997726228659 0.0005637305253694547 -0.0003700839252476079 -0.0005638320754358661 0.9999998034125954 -0.0002743504360611035 0.0003699291927782844 0.00027455903886795113 0.9999998938848573,0.2453386544679006 0.07831713870646695 0.07901354863599863,5
2,1069,1,1,0.9999993602521162 0.00019250256587829973 -0.0011146470833947042 -0.0001921680667178738 0.99999993647763 0.00030019355561308747 0.001114704800618982 -0.00029997916398971647 0.9999993337226326,0.9751503996984638 -0.3081563236087561 0.38818920367054943,5
2,1071,1,1,0.9999993844076748 -0.0001889305158833121 0.0010933844389674763 0.00018866428000918756 0.9999999525336172 0.00024359505883276775 -0.0010934304096085756 -0.00024338862628952435 0.999999372585761,-1.0254987838999625 -0.23401568298526598 0.10838409839550422,5
2,1087,1,1,0.9999998936241165 0.000458265960932569 5.238382430916566e-05 -0.00045823844201750563 0.9999997576459604 -0.0005241426820722095 -5.262400836342218e-05 0.000524118622034192 0.9999998612651828,-0.10361429730846794 0.39494684755744913 -0.045298047596816104,5
2,1098,1,1,0.9872629294437325 -0.1305557869448444 0.09092356482998754 0.1371414603613513 0.9880479310668295 -0.07038114637112118 -0.08064817416492776 0.08195408720600565 0.9933677061360988,-122.16597330228075 43.94899693324554 -0.8570364447339216,5
2,1099,1,1,0.9999999948275249 8.749331691382256e-05 5.18639494992007e-05 -8.74796898384933e-05 0.9999999616704657 -0.0002626906344216917 -5.188693118640675e-05 0.00026268609602103643 0.9999999641518796,-0.01886211638660029 0.27154523100189465 0.04644774052974299,5
2,1103,1,1,0.9999999943462827 2.9029097121638717e-05 -0.00010229733483135828 -2.9028261334091907e-05 0.9999999995452923 8.171657081829445e-06 0.00010229757200030942 -8.168687521974485e-06 0.9999999947342393,0.07141509430505266 -0.05068226534816489 -0.01753356514996085,5
2,1107,1,1,0.9999999148764596 6.070927850652247e-05 0.0004081194140959088 -6.0896775571459005e-05 0.9999998926122162 0.0004594204382457334 -0.00040809147918563493 -0.00045944525229466016 0.9999998111856843,-0.35599430686255573 -0.40458816317972435 0.1319565047336937,5
2,1117,1,1,0.9999977092705233 -0.0012827675830007906 0.0017134646289434785 0.0012814115424166356 0.9999988651486781 0.000792266252876761 -0.0017144789778822944 -0.0007900687846555399 0.9999982181749877,-1.2567374890228962 -0.9754095462224086 0.5626050276252954,5
2,1123,1,1,0.9999996263738731 0.0008597976822816711 8.944305648678208e-05 -0.0008597285824750445 0.9999993341777085 -0.0007697472989542098 -9.010482387755703e-05 0.0007696701146043122 0.9999996997444727,-0.10571302312174424 0.647328277549164 -0.10099218854759329,5
2,1131,1,1,0.9999999200290031 -7.904180903045566e-05 -0.00039203874891434454 7.879618802486554e-05 0.9999998006455963 -0.0006264981473548259 0.00039208819030674136 0.0006264672060939946 0.9999997269028086,0.3560405717099684 0.5402844458301033 -0.03201093666643828,5
2,1144,1,1,0.9999998386204423 0.000517873054150686 -0.00023359492735089415 -0.0005179616206854032 0.9999997939445581 -0.0003792447785891939 0.0002333984785658494 0.0003793657105937709 0.9999999008033992,0.08408248502789206 0.31077920018020677 -0.06548859940960483,5
2,1148,1,1,0.9999999733485146 5.618998012155889e-05 0.00022393225679401274 -5.625725840749038e-05 0.9999999532838474 0.00030044537553831907 -0.00022391536431320969 -0.00030045796534599635 0.9999999297934572,-0.17351032568717528 -0.259809770214547 0.01588418080507381,5
2,1151,1,1,0.9999998358043616 0.0003105382109880317 -0.00048161942404248426 -0.00031081408523503384 0.9999997876264783 -0.0005728364532840424 0.00048144143415224105 0.0005729860533273401 0.9999997199505252,0.389850305208995 0.48946961467656536 -0.08730354436750076,5
2,1157,1,1,0.9999996303412167 0.0007070215898526411 -0.0004893239228062896 -0.0007071444751299283 0.9999997184714631 -0.000251005348900879 0.0004891463188468614 0.00025135127882286445 0.9999998487791955,0.44291505369955075 0.22682332815777784 -0.012358726131537878,5
2,1168,1,1,0.9999998303054893 0.00034022343444706227 -0.0004729027453806989 -0.00034030758962322327 0.9999999262737553 -0.0001778854358569365 0.0004728421897212953 0.0001780463380645636 0.9999998723598744,0.3967310643900248 0.2046999043718074 -0.03525513197882901,5
2,1169,1,1,0.9999998851111657 0.0004037990954955245 -0.0002583097875831081 -0.00040389972049972855 0.9999998425313369 -0.00038961816976001984 0.0002581524194428392 0.0003897224562480761 0.9999998907368617,0.23716185799085565 0.36368467274712657 -0.012291200589402251,5
2,1180,1,1,0.9999999876109054 0.00011164622045593472 -0.0001109653665026765 -0.00011165612721323118 0.999999989781376 -8.927573778622078e-05 0.00011095539807015609 8.928812664282804e-05 0.9999999898582648,0.007404840202553942 0.06063691414507133 -0.06069725521695091,5
2,1199,1,1,0.9999993798724359 -0.0010966534356194324 0.00019392263245764096 0.001096598880619859 0.999999359196714 0.0002812064335132314 -0.00019423089419284834 -0.0002809936037877492 0.9999999416584757,-0.40282315642932076 -0.3709751972492228 -0.1198569409278889,5
2,1212,1,1,0.9999981245101753 0.0012191309496782377 -0.001504890647206436 -0.001219214002205593 0.9999992552855925 -5.4272254359166716e-05 0.0015048233615082562 5.610693632057684e-05 0.9999988661786877,1.2480013207702711 0.23288748124452496 -0.15890032491677175,5
